{
       "__inputs": [
         {
           "name": "prometheus",
           "label": "prometheus",
           "description": "",
           "type": "datasource",
           "pluginId": "prometheus",
           "pluginName": "Prometheus"
         }
       ],
       "__requires": [
         {
           "type": "grafana",
           "id": "grafana",
           "name": "Grafana",
           "version": "4.5.0-beta1"
         },
         {
           "type": "panel",
           "id": "graph",
           "name": "Graph",
           "version": ""
         },
         {
           "type": "datasource",
           "id": "prometheus",
           "name": "Prometheus",
           "version": "1.0.0"
         }
       ],
       "annotations": {
         "list": []
       },
       "description": "After selecting your namespace and container you get a wealth of metrics like request rate, error rate, response times, pod count, cpu and memory usage. You can view cpu and memory usage in a variety of ways, compared to the limit, compared to the request, per pod, average per pod, etc.",
       "editable": true,
       "gnetId": 1471,
       "graphTooltip": 1,
       "hideControls": false,
       "id": null,
       "links": [],
       "refresh": "30s",
       "rows": [
         {
           "collapse": false,
           "height": 250,
           "panels": [
             {
               "aliasColors": {},
               "bars": false,
               "dashLength": 10,
               "dashes": false,
               "datasource": "prometheus",
               "editable": true,
               "error": false,
               "fill": 1,
               "id": 7,
               "legend": {
                 "alignAsTable": true,
                 "avg": true,
                 "current": false,
                 "max": true,
                 "min": false,
                 "rightSide": true,
                 "show": true,
                 "sort": "avg",
                 "sortDesc": true,
                 "total": false,
                 "values": true
               },
               "lines": true,
               "linewidth": 1,
               "links": [],
               "nullPointMode": "connected",
               "percentage": false,
               "pointradius": 5,
               "points": false,
               "renderer": "flot",
               "seriesOverrides": [],
               "spaceLength": 10,
               "span": 12,
               "stack": false,
               "steppedLine": false,
               "targets": [
                 {
                   "expr": "count(count(container_memory_usage_bytes{container=\"$container\", namespace=\"$namespace\"}) by (pod))",
                   "interval": "",
                   "intervalFactor": 1,
                   "legendFormat": "pods",
                   "refId": "A",
                   "step": 5
                 },
                 {
                   "expr": "count(count(container_memory_usage_bytes{container=\"$container\", namespace=\"$namespace\"}) by (kubernetes_io_hostname))",
                   "interval": "",
                   "intervalFactor": 2,
                   "legendFormat": "hosts",
                   "refId": "B",
                   "step": 10
                 }
               ],
               "thresholds": [],
               "timeFrom": null,
               "timeShift": null,
               "title": "Number of pods",
               "tooltip": {
                 "msResolution": false,
                 "shared": true,
                 "sort": 0,
                 "value_type": "individual"
               },
               "type": "graph",
               "xaxis": {
                 "buckets": null,
                 "mode": "time",
                 "name": null,
                 "show": true,
                 "values": []
               },
               "yaxes": [
                 {
                   "format": "short",
                   "label": null,
                   "logBase": 1,
                   "max": null,
                   "min": "0",
                   "show": true
                 },
                 {
                   "format": "short",
                   "label": null,
                   "logBase": 1,
                   "max": null,
                   "min": null,
                   "show": true
                 }
               ]
             }
           ],
           "repeat": null,
           "repeatIteration": null,
           "repeatRowId": null,
           "showTitle": false,
           "title": "Pod count",
           "titleSize": "h6"
         },
         {
           "collapse": false,
           "height": 250,
           "panels": [
             {
               "aliasColors": {},
               "bars": false,
               "dashLength": 10,
               "dashes": false,
               "datasource": "prometheus",
               "editable": true,
               "error": false,
               "fill": 1,
               "id": 12,
               "legend": {
                 "alignAsTable": true,
                 "avg": true,
                 "current": false,
                 "max": true,
                 "min": false,
                 "rightSide": true,
                 "show": true,
                 "sort": "avg",
                 "sortDesc": true,
                 "total": false,
                 "values": true
               },
               "lines": true,
               "linewidth": 1,
               "links": [],
               "nullPointMode": "connected",
               "percentage": false,
               "pointradius": 5,
               "points": false,
               "renderer": "flot",
               "seriesOverrides": [
                 {
                   "alias": "elasticsearch-logging-data-20170207a (logging) - system",
                   "color": "#BF1B00"
                 },
                 {
                   "alias": "elasticsearch-logging-data-20170207a (logging) - user",
                   "color": "#508642"
                 }
               ],
               "spaceLength": 10,
               "span": 12,
               "stack": true,
               "steppedLine": false,
               "targets": [
                 {
                   "expr": "sum(irate(container_cpu_system_seconds_total{container=\"$container\", namespace=\"$namespace\"}[$__rate_interval])) by (namespace,container) / sum(container_spec_cpu_shares{container=\"$container\", namespace=\"$namespace\"} / 1024) by (namespace,container)",
                   "format": "time_series",
                   "intervalFactor": 2,
                   "legendFormat": "system",
                   "refId": "C",
                   "step": 10
                 },
                 {
                   "expr": "sum(irate(container_cpu_user_seconds_total{container=\"$container\", namespace=\"$namespace\"}[$__rate_interval])) by (namespace,container) / sum(container_spec_cpu_shares{container=\"$container\", namespace=\"$namespace\"} / 1024) by (namespace,container)",
                   "format": "time_series",
                   "interval": "",
                   "intervalFactor": 2,
                   "legendFormat": "user",
                   "refId": "B",
                   "step": 10
                 }
               ],
               "thresholds": [],
               "timeFrom": null,
               "timeShift": null,
               "title": "Cpu usage (relative to request)",
               "tooltip": {
                 "msResolution": false,
                 "shared": true,
                 "sort": 0,
                 "value_type": "individual"
               },
               "type": "graph",
               "xaxis": {
                 "buckets": null,
                 "mode": "time",
                 "name": null,
                 "show": true,
                 "values": []
               },
               "yaxes": [
                 {
                   "format": "percentunit",
                   "label": "",
                   "logBase": 1,
                   "max": "1",
                   "min": "0",
                   "show": true
                 },
                 {
                   "format": "short",
                   "label": null,
                   "logBase": 1,
                   "max": null,
                   "min": null,
                   "show": true
                 }
               ]
             }
           ],
           "repeat": null,
           "repeatIteration": null,
           "repeatRowId": null,
           "showTitle": false,
           "title": "Usage relative to request",
           "titleSize": "h6"
         },
         {
           "collapse": false,
           "height": 250,
           "panels": [
             {
               "aliasColors": {},
               "bars": false,
               "dashLength": 10,
               "dashes": false,
               "datasource": "prometheus",
               "editable": true,
               "error": false,
               "fill": 1,
               "id": 10,
               "legend": {
                 "alignAsTable": true,
                 "avg": true,
                 "current": false,
                 "max": true,
                 "min": false,
                 "rightSide": true,
                 "show": true,
                 "sort": "avg",
                 "sortDesc": true,
                 "total": false,
                 "values": true
               },
               "lines": true,
               "linewidth": 1,
               "links": [],
               "nullPointMode": "connected",
               "percentage": false,
               "pointradius": 5,
               "points": false,
               "renderer": "flot",
               "seriesOverrides": [],
               "spaceLength": 10,
               "span": 6,
               "stack": false,
               "steppedLine": false,
               "targets": [
                 {
                   "expr": "sum(irate(container_cpu_usage_seconds_total{container=\"$container\", namespace=\"$namespace\"}[$__rate_interval])) by (namespace,container) / sum(container_spec_cpu_quota{container=\"$container\", namespace=\"$namespace\"} / container_spec_cpu_period{container=\"$container\", namespace=\"$namespace\"}) by (namespace,container)",
                   "format": "time_series",
                   "interval": "",
                   "intervalFactor": 1,
                   "legendFormat": "actual",
                   "metric": "",
                   "refId": "A",
                   "step": 10
                 }
               ],
               "thresholds": [],
               "timeFrom": null,
               "timeShift": null,
               "title": "Cpu usage (relative to limit)",
               "tooltip": {
                 "msResolution": false,
                 "shared": true,
                 "sort": 0,
                 "value_type": "individual"
               },
               "type": "graph",
               "xaxis": {
                 "buckets": null,
                 "mode": "time",
                 "name": null,
                 "show": true,
                 "values": []
               },
               "yaxes": [
                 {
                   "format": "percentunit",
                   "label": "",
                   "logBase": 1,
                   "max": "1",
                   "min": "0",
                   "show": true
                 },
                 {
                   "format": "short",
                   "label": null,
                   "logBase": 1,
                   "max": null,
                   "min": null,
                   "show": true
                 }
               ]
             },
             {
               "aliasColors": {},
               "bars": false,
               "dashLength": 10,
               "dashes": false,
               "datasource": "prometheus",
               "editable": true,
               "error": false,
               "fill": 1,
               "id": 11,
               "legend": {
                 "alignAsTable": true,
                 "avg": true,
                 "current": false,
                 "max": true,
                 "min": false,
                 "rightSide": true,
                 "show": true,
                 "sort": "avg",
                 "sortDesc": true,
                 "total": false,
                 "values": true
               },
               "lines": true,
               "linewidth": 1,
               "links": [],
               "nullPointMode": "connected",
               "percentage": false,
               "pointradius": 5,
               "points": false,
               "renderer": "flot",
               "seriesOverrides": [],
               "spaceLength": 10,
               "span": 6,
               "stack": false,
               "steppedLine": false,
               "targets": [
                 {
                   "expr": "sum(container_memory_usage_bytes{container=\"$container\", namespace=\"$namespace\"}) by (namespace,container) / sum(container_spec_memory_limit_bytes{container=\"$container\", namespace=\"$namespace\"}) by (namespace,container)",
                   "format": "time_series",
                   "interval": "",
                   "intervalFactor": 1,
                   "legendFormat": "actual",
                   "refId": "A",
                   "step": 10
                 }
               ],
               "thresholds": [],
               "timeFrom": null,
               "timeShift": null,
               "title": "Memory usage (relative to limit)",
               "tooltip": {
                 "msResolution": false,
                 "shared": true,
                 "sort": 0,
                 "value_type": "individual"
               },
               "type": "graph",
               "xaxis": {
                 "buckets": null,
                 "mode": "time",
                 "name": null,
                 "show": true,
                 "values": []
               },
               "yaxes": [
                 {
                   "format": "percentunit",
                   "label": null,
                   "logBase": 1,
                   "max": "1",
                   "min": "0",
                   "show": true
                 },
                 {
                   "format": "short",
                   "label": null,
                   "logBase": 1,
                   "max": null,
                   "min": null,
                   "show": true
                 }
               ]
             }
           ],
           "repeat": null,
           "repeatIteration": null,
           "repeatRowId": null,
           "showTitle": false,
           "title": "Usage relative to limit",
           "titleSize": "h6"
         },
         {
           "collapse": false,
           "height": 250,
           "panels": [
             {
               "aliasColors": {},
               "bars": false,
               "dashLength": 10,
               "dashes": false,
               "datasource": "prometheus",
               "fill": 1,
               "id": 13,
               "legend": {
                 "alignAsTable": true,
                 "avg": true,
                 "current": false,
                 "max": true,
                 "min": false,
                 "rightSide": true,
                 "show": true,
                 "sort": "avg",
                 "sortDesc": true,
                 "total": false,
                 "values": true
               },
               "lines": true,
               "linewidth": 1,
               "links": [],
               "nullPointMode": "null",
               "percentage": false,
               "pointradius": 5,
               "points": false,
               "renderer": "flot",
               "seriesOverrides": [],
               "spaceLength": 10,
               "span": 6,
               "stack": false,
               "steppedLine": false,
               "targets": [
                 {
                   "expr": "sum(irate(container_cpu_usage_seconds_total{container=\"$container\", namespace=\"$namespace\"}[$__rate_interval])) by (id,pod)",
                   "interval": "",
                   "intervalFactor": 2,
                   "legendFormat": "{{pod}}",
                   "refId": "A",
                   "step": 20
                 },
                 {
                   "expr": "sum(container_spec_cpu_quota{container=\"$container\", namespace=\"$namespace\"} / container_spec_cpu_period{container=\"$container\", namespace=\"$namespace\"}) by (namespace,container) / count(container_memory_usage_bytes{container=\"$container\", namespace=\"$namespace\"}) by (namespace,container) ",
                   "intervalFactor": 2,
                   "legendFormat": "limit",
                   "refId": "B",
                   "step": 20
                 },
                 {
                   "expr": "sum(container_spec_cpu_shares{container=\"$container\", namespace=\"$namespace\"} / 1024) by (namespace,container) / count(container_spec_cpu_shares{container=\"$container\", namespace=\"$namespace\"}) by (namespace,container) ",
                   "intervalFactor": 2,
                   "legendFormat": "request",
                   "refId": "C",
                   "step": 20
                 }
               ],
               "thresholds": [],
               "timeFrom": null,
               "timeShift": null,
               "title": "Cpu usage (per pod)",
               "tooltip": {
                 "shared": true,
                 "sort": 0,
                 "value_type": "individual"
               },
               "type": "graph",
               "xaxis": {
                 "buckets": null,
                 "mode": "time",
                 "name": null,
                 "show": true,
                 "values": []
               },
               "yaxes": [
                 {
                   "format": "short",
                   "label": "cores",
                   "logBase": 1,
                   "max": null,
                   "min": "0",
                   "show": true
                 },
                 {
                   "format": "short",
                   "label": null,
                   "logBase": 1,
                   "max": null,
                   "min": null,
                   "show": true
                 }
               ]
             },
             {
               "aliasColors": {},
               "bars": false,
               "dashLength": 10,
               "dashes": false,
               "datasource": "prometheus",
               "fill": 1,
               "id": 14,
               "legend": {
                 "alignAsTable": true,
                 "avg": true,
                 "current": false,
                 "max": true,
                 "min": false,
                 "rightSide": true,
                 "show": true,
                 "sort": "avg",
                 "sortDesc": true,
                 "total": false,
                 "values": true
               },
               "lines": true,
               "linewidth": 1,
               "links": [],
               "nullPointMode": "null",
               "percentage": false,
               "pointradius": 5,
               "points": false,
               "renderer": "flot",
               "seriesOverrides": [],
               "spaceLength": 10,
               "span": 6,
               "stack": false,
               "steppedLine": false,
               "targets": [
                 {
                   "expr": "sum(container_memory_usage_bytes{container=\"$container\", namespace=\"$namespace\"}) by (id,pod)",
                   "interval": "",
                   "intervalFactor": 2,
                   "legendFormat": "{{pod}}",
                   "refId": "A",
                   "step": 20
                 },
                 {
                   "expr": "sum(container_spec_memory_limit_bytes{container=\"$container\", namespace=\"$namespace\"}) by (namespace,container) / count(container_memory_usage_bytes{container=\"$container\", namespace=\"$namespace\"}) by (container,namespace)",
                   "intervalFactor": 2,
                   "legendFormat": "limit",
                   "refId": "B",
                   "step": 20
                 }
               ],
               "thresholds": [],
               "timeFrom": null,
               "timeShift": null,
               "title": "Memory usage (per pod)",
               "tooltip": {
                 "shared": true,
                 "sort": 0,
                 "value_type": "individual"
               },
               "type": "graph",
               "xaxis": {
                 "buckets": null,
                 "mode": "time",
                 "name": null,
                 "show": true,
                 "values": []
               },
               "yaxes": [
                 {
                   "format": "bytes",
                   "label": null,
                   "logBase": 1,
                   "max": null,
                   "min": "0",
                   "show": true
                 },
                 {
                   "format": "short",
                   "label": null,
                   "logBase": 1,
                   "max": null,
                   "min": null,
                   "show": true
                 }
               ]
             }
           ],
           "repeat": null,
           "repeatIteration": null,
           "repeatRowId": null,
           "showTitle": false,
           "title": "Usage per pod",
           "titleSize": "h6"
         },
         {
           "collapse": false,
           "height": 250,
           "panels": [
             {
               "aliasColors": {},
               "bars": false,
               "dashLength": 10,
               "dashes": false,
               "datasource": "prometheus",
               "editable": true,
               "error": false,
               "fill": 1,
               "id": 8,
               "legend": {
                 "alignAsTable": true,
                 "avg": true,
                 "current": false,
                 "max": true,
                 "min": false,
                 "rightSide": true,
                 "show": true,
                 "sort": "avg",
                 "sortDesc": true,
                 "total": false,
                 "values": true
               },
               "lines": true,
               "linewidth": 1,
               "links": [],
               "nullPointMode": "connected",
               "percentage": false,
               "pointradius": 5,
               "points": false,
               "renderer": "flot",
               "seriesOverrides": [],
               "spaceLength": 10,
               "span": 6,
               "stack": false,
               "steppedLine": false,
               "targets": [
                 {
                   "expr": "sum(irate(container_cpu_usage_seconds_total{container=\"$container\", namespace=\"$namespace\"}[$__rate_interval])) by (namespace,container) / count(container_memory_usage_bytes{container=\"$container\", namespace=\"$namespace\"}) by (namespace,container) ",
                   "interval": "",
                   "intervalFactor": 1,
                   "legendFormat": "actual",
                   "refId": "A",
                   "step": 10
                 },
                 {
                   "expr": "sum(container_spec_cpu_quota{container=\"$container\", namespace=\"$namespace\"} / container_spec_cpu_period{container=\"$container\", namespace=\"$namespace\"}) by (namespace,container) / count(container_memory_usage_bytes{container=\"$container\", namespace=\"$namespace\"}) by (namespace,container) ",
                   "interval": "",
                   "intervalFactor": 1,
                   "legendFormat": "limit",
                   "refId": "B",
                   "step": 10
                 },
                 {
                   "expr": "sum(container_spec_cpu_shares{container=\"$container\", namespace=\"$namespace\"} / 1024) by (namespace,container) / count(container_spec_cpu_shares{container=\"$container\", namespace=\"$namespace\"}) by (namespace,container) ",
                   "interval": "",
                   "intervalFactor": 1,
                   "legendFormat": "request",
                   "refId": "C",
                   "step": 10
                 }
               ],
               "thresholds": [],
               "timeFrom": null,
               "timeShift": null,
               "title": "Cpu usage (avg per pod)",
               "tooltip": {
                 "msResolution": false,
                 "shared": true,
                 "sort": 0,
                 "value_type": "individual"
               },
               "type": "graph",
               "xaxis": {
                 "buckets": null,
                 "mode": "time",
                 "name": null,
                 "show": true,
                 "values": []
               },
               "yaxes": [
                 {
                   "format": "none",
                   "label": "cores",
                   "logBase": 1,
                   "max": null,
                   "min": null,
                   "show": true
                 },
                 {
                   "format": "short",
                   "label": null,
                   "logBase": 1,
                   "max": null,
                   "min": null,
                   "show": true
                 }
               ]
             },
             {
               "aliasColors": {},
               "bars": false,
               "dashLength": 10,
               "dashes": false,
               "datasource": "prometheus",
               "editable": true,
               "error": false,
               "fill": 1,
               "id": 9,
               "legend": {
                 "alignAsTable": true,
                 "avg": true,
                 "current": false,
                 "max": true,
                 "min": false,
                 "rightSide": true,
                 "show": true,
                 "sort": "avg",
                 "sortDesc": true,
                 "total": false,
                 "values": true
               },
               "lines": true,
               "linewidth": 1,
               "links": [],
               "nullPointMode": "connected",
               "percentage": false,
               "pointradius": 5,
               "points": false,
               "renderer": "flot",
               "seriesOverrides": [],
               "spaceLength": 10,
               "span": 6,
               "stack": false,
               "steppedLine": false,
               "targets": [
                 {
                   "expr": "sum(container_memory_usage_bytes{container=\"$container\", namespace=\"$namespace\"}) by (namespace,container) / count(container_memory_usage_bytes{container=\"$container\", namespace=\"$namespace\"}) by (namespace,container) ",
                   "intervalFactor": 1,
                   "legendFormat": "actual",
                   "metric": "",
                   "refId": "A",
                   "step": 10
                 },
                 {
                   "expr": "sum(container_spec_memory_limit_bytes{container=\"$container\", namespace=\"$namespace\"}) by (namespace,container) / count(container_memory_usage_bytes{container=\"$container\", namespace=\"$namespace\"}) by (namespace,container) ",
                   "interval": "",
                   "intervalFactor": 1,
                   "legendFormat": "limit",
                   "refId": "B",
                   "step": 10
                 }
               ],
               "thresholds": [],
               "timeFrom": null,
               "timeShift": null,
               "title": "Memory usage (avg per pod)",
               "tooltip": {
                 "msResolution": false,
                 "shared": true,
                 "sort": 0,
                 "value_type": "individual"
               },
               "type": "graph",
               "xaxis": {
                 "buckets": null,
                 "mode": "time",
                 "name": null,
                 "show": true,
                 "values": []
               },
               "yaxes": [
                 {
                   "format": "bytes",
                   "label": null,
                   "logBase": 1,
                   "max": null,
                   "min": "0",
                   "show": true
                 },
                 {
                   "format": "short",
                   "label": null,
                   "logBase": 1,
                   "max": null,
                   "min": null,
                   "show": true
                 }
               ]
             }
           ],
           "repeat": null,
           "repeatIteration": null,
           "repeatRowId": null,
           "showTitle": false,
           "title": "Usage per pod (average)",
           "titleSize": "h6"
         },
         {
           "collapse": false,
           "height": 259.4375,
           "panels": [
             {
               "aliasColors": {},
               "bars": false,
               "dashLength": 10,
               "dashes": false,
               "datasource": "prometheus",
               "editable": true,
               "error": false,
               "fill": 1,
               "grid": {},
               "id": 1,
               "legend": {
                 "alignAsTable": true,
                 "avg": true,
                 "current": false,
                 "max": true,
                 "min": false,
                 "rightSide": true,
                 "show": true,
                 "sort": "avg",
                 "sortDesc": true,
                 "total": false,
                 "values": true
               },
               "lines": true,
               "linewidth": 2,
               "links": [],
               "nullPointMode": "connected",
               "percentage": false,
               "pointradius": 5,
               "points": false,
               "renderer": "flot",
               "seriesOverrides": [],
               "spaceLength": 10,
               "span": 6,
               "stack": false,
               "steppedLine": false,
               "targets": [
                 {
                   "expr": "sum(irate(container_cpu_usage_seconds_total{container=\"$container\", namespace=\"$namespace\"}[$__rate_interval])) by (namespace,container)",
                   "hide": false,
                   "interval": "",
                   "intervalFactor": 1,
                   "legendFormat": "actual",
                   "metric": "",
                   "refId": "A",
                   "step": 10
                 },
                 {
                   "expr": "sum(container_spec_cpu_quota{container=\"$container\", namespace=\"$namespace\"} / container_spec_cpu_period{container=\"$container\", namespace=\"$namespace\"}) by (namespace,container)",
                   "intervalFactor": 1,
                   "legendFormat": "limit",
                   "refId": "B",
                   "step": 10
                 },
                 {
                   "expr": "sum(container_spec_cpu_shares{container=\"$container\", namespace=\"$namespace\"} / 1024) by (namespace,container) ",
                   "intervalFactor": 1,
                   "legendFormat": "request",
                   "refId": "C",
                   "step": 10
                 }
               ],
               "thresholds": [],
               "timeFrom": null,
               "timeShift": null,
               "title": "Cpu usage (total)",
               "tooltip": {
                 "msResolution": true,
                 "shared": false,
                 "sort": 0,
                 "value_type": "cumulative"
               },
               "type": "graph",
               "xaxis": {
                 "buckets": null,
                 "mode": "time",
                 "name": null,
                 "show": true,
                 "values": []
               },
               "yaxes": [
                 {
                   "format": "none",
                   "label": "cores",
                   "logBase": 1,
                   "max": null,
                   "min": 0,
                   "show": true
                 },
                 {
                   "format": "short",
                   "label": null,
                   "logBase": 1,
                   "max": null,
                   "min": null,
                   "show": true
                 }
               ]
             },
             {
               "aliasColors": {},
               "bars": false,
               "dashLength": 10,
               "dashes": false,
               "datasource": "prometheus",
               "editable": true,
               "error": false,
               "fill": 1,
               "grid": {},
               "id": 2,
               "legend": {
                 "alignAsTable": true,
                 "avg": true,
                 "current": false,
                 "max": true,
                 "min": false,
                 "rightSide": true,
                 "show": true,
                 "sort": "avg",
                 "sortDesc": true,
                 "total": false,
                 "values": true
               },
               "lines": true,
               "linewidth": 2,
               "links": [],
               "nullPointMode": "connected",
               "percentage": false,
               "pointradius": 5,
               "points": false,
               "renderer": "flot",
               "seriesOverrides": [],
               "spaceLength": 10,
               "span": 6,
               "stack": false,
               "steppedLine": false,
               "targets": [
                 {
                   "expr": "sum(container_memory_usage_bytes{container=\"$container\", namespace=\"$namespace\"}) by (namespace,container)",
                   "interval": "",
                   "intervalFactor": 1,
                   "legendFormat": "actual",
                   "refId": "A",
                   "step": 10
                 },
                 {
                   "expr": "sum(container_spec_memory_limit_bytes{container=\"$container\", namespace=\"$namespace\"}) by (namespace,container)",
                   "intervalFactor": 1,
                   "legendFormat": "limit",
                   "refId": "B",
                   "step": 10
                 }
               ],
               "thresholds": [],
               "timeFrom": null,
               "timeShift": null,
               "title": "Memory usage (total)",
               "tooltip": {
                 "msResolution": true,
                 "shared": false,
                 "sort": 0,
                 "value_type": "cumulative"
               },
               "type": "graph",
               "xaxis": {
                 "buckets": null,
                 "mode": "time",
                 "name": null,
                 "show": true,
                 "values": []
               },
               "yaxes": [
                 {
                   "format": "bytes",
                   "label": null,
                   "logBase": 1,
                   "max": null,
                   "min": "0",
                   "show": true
                 },
                 {
                   "format": "short",
                   "label": null,
                   "logBase": 1,
                   "max": null,
                   "min": null,
                   "show": true
                 }
               ]
             }
           ],
           "repeat": null,
           "repeatIteration": null,
           "repeatRowId": null,
           "showTitle": false,
           "title": "Usage total",
           "titleSize": "h6"
         }
       ],
       "schemaVersion": 14,
       "style": "dark",
       "tags": [],
       "templating": {
         "list": [
           {
             "allValue": ".+",
             "current": {},
             "datasource": "prometheus",
             "hide": 0,
             "includeAll": false,
             "label": null,
             "multi": false,
             "name": "namespace",
             "options": [],
             "query": "label_values(container_memory_usage_bytes{namespace=~\".+\",container!=\"POD\"},namespace)",
             "refresh": 1,
             "regex": "",
             "sort": 1,
             "tagValuesQuery": null,
             "tags": [],
             "tagsQuery": null,
             "type": "query",
             "useTags": false
           },
           {
             "allValue": ".+",
             "current": {},
             "datasource": "prometheus",
             "hide": 0,
             "includeAll": false,
             "label": null,
             "multi": false,
             "name": "container",
             "options": [],
             "query": "label_values(container_memory_usage_bytes{namespace=~\"$namespace\",container!=\"POD\"},container)",
             "refresh": 1,
             "regex": "",
             "sort": 1,
             "tagValuesQuery": null,
             "tags": [],
             "tagsQuery": null,
             "type": "query",
             "useTags": false
           }
         ]
       },
       "time": {
         "from": "now-3h",
         "to": "now"
       },
       "timepicker": {
         "refresh_intervals": [
           "1m",
           "5m",
           "15m",
           "30m",
           "1h",
           "2h",
           "1d"
         ],
         "time_options": [
           "5m",
           "15m",
           "1h",
           "6h",
           "12h",
           "24h",
           "2d",
           "7d",
           "30d"
         ]
       },
       "timezone": "",
       "title": "Kubernetes App Metrics",
       "version": 3
     }
