     {
       "__inputs": [
         {
           "name": "prometheus",
           "label": "prometheus",
           "description": "",
           "type": "datasource",
           "pluginId": "prometheus",
           "pluginName": "Prometheus"
         }
       ],
       "__requires": [
         {
           "type": "grafana",
           "id": "grafana",
           "name": "Grafana",
           "version": "4.5.0-beta1"
         },
         {
           "type": "panel",
           "id": "graph",
           "name": "Graph",
           "version": ""
         },
         {
           "type": "datasource",
           "id": "prometheus",
           "name": "Prometheus",
           "version": "1.0.0"
         },
         {
           "type": "panel",
           "id": "singlestat",
           "name": "Singlestat",
           "version": ""
         }
       ],
       "annotations": {
         "list": []
       },
       "description": "This is a copy of https://grafana.com/dashboards/315 with filesystem usage tweaked to work with minikube",
       "editable": true,
       "gnetId": 2115,
       "graphTooltip": 0,
       "hideControls": false,
       "id": null,
       "links": [],
       "refresh": "10s",
       "rows": [
         {
           "collapse": true,
           "height": "200px",
           "panels": [
             {
               "aliasColors": {},
               "bars": false,
               "dashLength": 10,
               "dashes": false,
               "datasource": "prometheus",
               "decimals": 2,
               "editable": true,
               "error": false,
               "fill": 1,
               "grid": {},
               "height": "200px",
               "id": 32,
               "legend": {
                 "alignAsTable": false,
                 "avg": true,
                 "current": true,
                 "max": false,
                 "min": false,
                 "rightSide": false,
                 "show": false,
                 "sideWidth": 200,
                 "sort": "current",
                 "sortDesc": true,
                 "total": false,
                 "values": true
               },
               "lines": true,
               "linewidth": 2,
               "links": [],
               "nullPointMode": "connected",
               "percentage": false,
               "pointradius": 5,
               "points": false,
               "renderer": "flot",
               "seriesOverrides": [],
               "spaceLength": 10,
               "span": 12,
               "stack": false,
               "steppedLine": false,
               "targets": [
                 {
                   "expr": "sum (rate (container_network_receive_bytes_total{kubernetes_io_hostname=~\"^$Node$\"}[$__rate_interval]))",
                   "format": "time_series",
                   "interval": "10s",
                   "intervalFactor": 1,
                   "legendFormat": "Received",
                   "metric": "network",
                   "refId": "A",
                   "step": 10
                 },
                 {
                   "expr": "- sum (rate (container_network_transmit_bytes_total{kubernetes_io_hostname=~\"^$Node$\"}[$__rate_interval]))",
                   "format": "time_series",
                   "hide": false,
                   "interval": "10s",
                   "intervalFactor": 1,
                   "legendFormat": "Sent",
                   "metric": "network",
                   "refId": "B",
                   "step": 10
                 }
               ],
               "thresholds": [],
               "timeFrom": null,
               "timeShift": null,
               "title": "Network I/O pressure",
               "tooltip": {
                 "msResolution": false,
                 "shared": true,
                 "sort": 0,
                 "value_type": "cumulative"
               },
               "transparent": false,
               "type": "graph",
               "xaxis": {
                 "buckets": null,
                 "mode": "time",
                 "name": null,
                 "show": true,
                 "values": []
               },
               "yaxes": [
                 {
                   "format": "Bps",
                   "label": null,
                   "logBase": 1,
                   "max": null,
                   "min": null,
                   "show": true
                 },
                 {
                   "format": "Bps",
                   "label": null,
                   "logBase": 1,
                   "max": null,
                   "min": null,
                   "show": false
                 }
               ]
             }
           ],
           "repeat": null,
           "repeatIteration": null,
           "repeatRowId": null,
           "showTitle": false,
           "title": "Network I/O pressure",
           "titleSize": "h6"
         },
         {
           "collapse": true,
           "height": "250px",
           "panels": [
             {
               "cacheTimeout": null,
               "colorBackground": false,
               "colorValue": true,
               "colors": [
                 "rgba(50, 172, 45, 0.97)",
                 "rgba(237, 129, 40, 0.89)",
                 "rgba(245, 54, 54, 0.9)"
               ],
               "datasource": "prometheus",
               "editable": true,
               "error": false,
               "format": "percent",
               "gauge": {
                 "maxValue": 100,
                 "minValue": 0,
                 "show": true,
                 "thresholdLabels": false,
                 "thresholdMarkers": true
               },
               "height": "180px",
               "id": 4,
               "interval": null,
               "links": [],
               "mappingType": 1,
               "mappingTypes": [
                 {
                   "name": "value to text",
                   "value": 1
                 },
                 {
                   "name": "range to text",
                   "value": 2
                 }
               ],
               "maxDataPoints": 100,
               "nullPointMode": "connected",
               "nullText": null,
               "postfix": "",
               "postfixFontSize": "50%",
               "prefix": "",
               "prefixFontSize": "50%",
               "rangeMaps": [
                 {
                   "from": "null",
                   "text": "N/A",
                   "to": "null"
                 }
               ],
               "span": 4,
               "sparkline": {
                 "fillColor": "rgba(31, 118, 189, 0.18)",
                 "full": false,
                 "lineColor": "rgb(31, 120, 193)",
                 "show": false
               },
               "tableColumn": "",
               "targets": [
                 {
                   "expr": "sum (container_memory_working_set_bytes{id=\"/\",kubernetes_io_hostname=~\"^$Node$\"}) / sum (kube_node_status_capacity{resource=\"memory\", unit=\"byte\", node=~\"^$Node$\"}) * 100",
                   "interval": "10s",
                   "intervalFactor": 1,
                   "refId": "A",
                   "step": 30
                 }
               ],
               "thresholds": "65, 90",
               "title": "Cluster memory usage",
               "transparent": false,
               "type": "singlestat",
               "valueFontSize": "80%",
               "valueMaps": [
                 {
                   "op": "=",
                   "text": "N/A",
                   "value": "null"
                 }
               ],
               "valueName": "current"
             },
             {
               "cacheTimeout": null,
               "colorBackground": false,
               "colorValue": true,
               "colors": [
                 "rgba(50, 172, 45, 0.97)",
                 "rgba(237, 129, 40, 0.89)",
                 "rgba(245, 54, 54, 0.9)"
               ],
               "datasource": "prometheus",
               "decimals": 2,
               "editable": true,
               "error": false,
               "format": "percent",
               "gauge": {
                 "maxValue": 100,
                 "minValue": 0,
                 "show": true,
                 "thresholdLabels": false,
                 "thresholdMarkers": true
               },
               "height": "180px",
               "id": 6,
               "interval": null,
               "links": [],
               "mappingType": 1,
               "mappingTypes": [
                 {
                   "name": "value to text",
                   "value": 1
                 },
                 {
                   "name": "range to text",
                   "value": 2
                 }
               ],
               "maxDataPoints": 100,
               "nullPointMode": "connected",
               "nullText": null,
               "postfix": "",
               "postfixFontSize": "50%",
               "prefix": "",
               "prefixFontSize": "50%",
               "rangeMaps": [
                 {
                   "from": "null",
                   "text": "N/A",
                   "to": "null"
                 }
               ],
               "span": 4,
               "sparkline": {
                 "fillColor": "rgba(31, 118, 189, 0.18)",
                 "full": false,
                 "lineColor": "rgb(31, 120, 193)",
                 "show": false
               },
               "tableColumn": "",
               "targets": [
                 {
                   "expr": "sum (rate (container_cpu_usage_seconds_total{id=\"/\",kubernetes_io_hostname=~\"^$Node$\"}[$__rate_interval])) / sum (kube_node_status_capacity{resource=\"cpu\", unit=\"core\", node=~\"^$Node$\"}) * 100",
                   "format": "time_series",
                   "interval": "10s",
                   "intervalFactor": 1,
                   "refId": "A",
                   "step": 30
                 }
               ],
               "thresholds": "65, 90",
               "title": "Cluster CPU usage",
               "type": "singlestat",
               "valueFontSize": "80%",
               "valueMaps": [
                 {
                   "op": "=",
                   "text": "N/A",
                   "value": "null"
                 }
               ],
               "valueName": "current"
             },
             {
               "cacheTimeout": null,
               "colorBackground": false,
               "colorValue": true,
               "colors": [
                 "rgba(50, 172, 45, 0.97)",
                 "rgba(237, 129, 40, 0.89)",
                 "rgba(245, 54, 54, 0.9)"
               ],
               "datasource": "prometheus",
               "decimals": 2,
               "editable": true,
               "error": false,
               "format": "percent",
               "gauge": {
                 "maxValue": 100,
                 "minValue": 0,
                 "show": true,
                 "thresholdLabels": false,
                 "thresholdMarkers": true
               },
               "height": "180px",
               "id": 7,
               "interval": null,
               "links": [],
               "mappingType": 1,
               "mappingTypes": [
                 {
                   "name": "value to text",
                   "value": 1
                 },
                 {
                   "name": "range to text",
                   "value": 2
                 }
               ],
               "maxDataPoints": 100,
               "nullPointMode": "connected",
               "nullText": null,
               "postfix": "",
               "postfixFontSize": "50%",
               "prefix": "",
               "prefixFontSize": "50%",
               "rangeMaps": [
                 {
                   "from": "null",
                   "text": "N/A",
                   "to": "null"
                 }
               ],
               "span": 4,
               "sparkline": {
                 "fillColor": "rgba(31, 118, 189, 0.18)",
                 "full": false,
                 "lineColor": "rgb(31, 120, 193)",
                 "show": false
               },
               "tableColumn": "",
               "targets": [
                 {
                   "expr": "sum (container_fs_usage_bytes{device=~\"^/dev/[sv]da[0-9]$\",id=\"/\",kubernetes_io_hostname=~\"^$Node$\"}) / sum (container_fs_limit_bytes{device=~\"^/dev/[sv]da[0-9]$\",id=\"/\",kubernetes_io_hostname=~\"^$Node$\"}) * 100",
                   "interval": "10s",
                   "intervalFactor": 1,
                   "legendFormat": "",
                   "metric": "",
                   "refId": "A",
                   "step": 30
                 }
               ],
               "thresholds": "65, 90",
               "title": "Cluster filesystem usage",
               "type": "singlestat",
               "valueFontSize": "80%",
               "valueMaps": [
                 {
                   "op": "=",
                   "text": "N/A",
                   "value": "null"
                 }
               ],
               "valueName": "current"
             },
             {
               "cacheTimeout": null,
               "colorBackground": false,
               "colorValue": false,
               "colors": [
                 "rgba(50, 172, 45, 0.97)",
                 "rgba(237, 129, 40, 0.89)",
                 "rgba(245, 54, 54, 0.9)"
               ],
               "datasource": "prometheus",
               "decimals": 2,
               "editable": true,
               "error": false,
               "format": "bytes",
               "gauge": {
                 "maxValue": 100,
                 "minValue": 0,
                 "show": false,
                 "thresholdLabels": false,
                 "thresholdMarkers": true
               },
               "height": "1px",
               "id": 9,
               "interval": null,
               "links": [],
               "mappingType": 1,
               "mappingTypes": [
                 {
                   "name": "value to text",
                   "value": 1
                 },
                 {
                   "name": "range to text",
                   "value": 2
                 }
               ],
               "maxDataPoints": 100,
               "nullPointMode": "connected",
               "nullText": null,
               "postfix": "",
               "postfixFontSize": "20%",
               "prefix": "",
               "prefixFontSize": "20%",
               "rangeMaps": [
                 {
                   "from": "null",
                   "text": "N/A",
                   "to": "null"
                 }
               ],
               "span": 2,
               "sparkline": {
                 "fillColor": "rgba(31, 118, 189, 0.18)",
                 "full": false,
                 "lineColor": "rgb(31, 120, 193)",
                 "show": false
               },
               "tableColumn": "",
               "targets": [
                 {
                   "expr": "sum (container_memory_working_set_bytes{id=\"/\",kubernetes_io_hostname=~\"^$Node$\"})",
                   "interval": "10s",
                   "intervalFactor": 1,
                   "refId": "A",
                   "step": 30
                 }
               ],
               "thresholds": "",
               "title": "Used",
               "type": "singlestat",
               "valueFontSize": "50%",
               "valueMaps": [
                 {
                   "op": "=",
                   "text": "N/A",
                   "value": "null"
                 }
               ],
               "valueName": "current"
             },
             {
               "cacheTimeout": null,
               "colorBackground": false,
               "colorValue": false,
               "colors": [
                 "rgba(50, 172, 45, 0.97)",
                 "rgba(237, 129, 40, 0.89)",
                 "rgba(245, 54, 54, 0.9)"
               ],
               "datasource": "prometheus",
               "decimals": 2,
               "editable": true,
               "error": false,
               "format": "bytes",
               "gauge": {
                 "maxValue": 100,
                 "minValue": 0,
                 "show": false,
                 "thresholdLabels": false,
                 "thresholdMarkers": true
               },
               "height": "1px",
               "id": 10,
               "interval": null,
               "links": [],
               "mappingType": 1,
               "mappingTypes": [
                 {
                   "name": "value to text",
                   "value": 1
                 },
                 {
                   "name": "range to text",
                   "value": 2
                 }
               ],
               "maxDataPoints": 100,
               "nullPointMode": "connected",
               "nullText": null,
               "postfix": "",
               "postfixFontSize": "50%",
               "prefix": "",
               "prefixFontSize": "50%",
               "rangeMaps": [
                 {
                   "from": "null",
                   "text": "N/A",
                   "to": "null"
                 }
               ],
               "span": 2,
               "sparkline": {
                 "fillColor": "rgba(31, 118, 189, 0.18)",
                 "full": false,
                 "lineColor": "rgb(31, 120, 193)",
                 "show": false
               },
               "tableColumn": "",
               "targets": [
                 {
                   "expr": "sum (kube_node_status_capacity{resource=\"memory\", unit=\"byte\", node=~\"^$Node$\"})",
                   "interval": "10s",
                   "intervalFactor": 1,
                   "refId": "A",
                   "step": 30
                 }
               ],
               "thresholds": "",
               "title": "Total",
               "type": "singlestat",
               "valueFontSize": "50%",
               "valueMaps": [
                 {
                   "op": "=",
                   "text": "N/A",
                   "value": "null"
                 }
               ],
               "valueName": "current"
             },
             {
               "cacheTimeout": null,
               "colorBackground": false,
               "colorValue": false,
               "colors": [
                 "rgba(50, 172, 45, 0.97)",
                 "rgba(237, 129, 40, 0.89)",
                 "rgba(245, 54, 54, 0.9)"
               ],
               "datasource": "prometheus",
               "decimals": 2,
               "editable": true,
               "error": false,
               "format": "none",
               "gauge": {
                 "maxValue": 100,
                 "minValue": 0,
                 "show": false,
                 "thresholdLabels": false,
                 "thresholdMarkers": true
               },
               "height": "1px",
               "id": 11,
               "interval": null,
               "links": [],
               "mappingType": 1,
               "mappingTypes": [
                 {
                   "name": "value to text",
                   "value": 1
                 },
                 {
                   "name": "range to text",
                   "value": 2
                 }
               ],
               "maxDataPoints": 100,
               "nullPointMode": "connected",
               "nullText": null,
               "postfix": " cores",
               "postfixFontSize": "30%",
               "prefix": "",
               "prefixFontSize": "50%",
               "rangeMaps": [
                 {
                   "from": "null",
                   "text": "N/A",
                   "to": "null"
                 }
               ],
               "span": 2,
               "sparkline": {
                 "fillColor": "rgba(31, 118, 189, 0.18)",
                 "full": false,
                 "lineColor": "rgb(31, 120, 193)",
                 "show": false
               },
               "tableColumn": "",
               "targets": [
                 {
                   "expr": "sum (rate (container_cpu_usage_seconds_total{id=\"/\",kubernetes_io_hostname=~\"^$Node$\"}[$__rate_interval]))",
                   "format": "time_series",
                   "interval": "10s",
                   "intervalFactor": 1,
                   "refId": "A",
                   "step": 30
                 }
               ],
               "thresholds": "",
               "title": "Used",
               "type": "singlestat",
               "valueFontSize": "50%",
               "valueMaps": [
                 {
                   "op": "=",
                   "text": "N/A",
                   "value": "null"
                 }
               ],
               "valueName": "current"
             },
             {
               "cacheTimeout": null,
               "colorBackground": false,
               "colorValue": false,
               "colors": [
                 "rgba(50, 172, 45, 0.97)",
                 "rgba(237, 129, 40, 0.89)",
                 "rgba(245, 54, 54, 0.9)"
               ],
               "datasource": "prometheus",
               "decimals": 2,
               "editable": true,
               "error": false,
               "format": "none",
               "gauge": {
                 "maxValue": 100,
                 "minValue": 0,
                 "show": false,
                 "thresholdLabels": false,
                 "thresholdMarkers": true
               },
               "height": "1px",
               "id": 12,
               "interval": null,
               "links": [],
               "mappingType": 1,
               "mappingTypes": [
                 {
                   "name": "value to text",
                   "value": 1
                 },
                 {
                   "name": "range to text",
                   "value": 2
                 }
               ],
               "maxDataPoints": 100,
               "nullPointMode": "connected",
               "nullText": null,
               "postfix": " cores",
               "postfixFontSize": "30%",
               "prefix": "",
               "prefixFontSize": "50%",
               "rangeMaps": [
                 {
                   "from": "null",
                   "text": "N/A",
                   "to": "null"
                 }
               ],
               "span": 2,
               "sparkline": {
                 "fillColor": "rgba(31, 118, 189, 0.18)",
                 "full": false,
                 "lineColor": "rgb(31, 120, 193)",
                 "show": false
               },
               "tableColumn": "",
               "targets": [
                 {
                   "expr": "sum (kube_node_status_capacity{resource=\"cpu\", unit=\"core\", node=~\"^$Node$\"})",
                   "interval": "10s",
                   "intervalFactor": 1,
                   "refId": "A",
                   "step": 30
                 }
               ],
               "thresholds": "",
               "title": "Total",
               "type": "singlestat",
               "valueFontSize": "50%",
               "valueMaps": [
                 {
                   "op": "=",
                   "text": "N/A",
                   "value": "null"
                 }
               ],
               "valueName": "current"
             },
             {
               "cacheTimeout": null,
               "colorBackground": false,
               "colorValue": false,
               "colors": [
                 "rgba(50, 172, 45, 0.97)",
                 "rgba(237, 129, 40, 0.89)",
                 "rgba(245, 54, 54, 0.9)"
               ],
               "datasource": "prometheus",
               "decimals": 2,
               "editable": true,
               "error": false,
               "format": "bytes",
               "gauge": {
                 "maxValue": 100,
                 "minValue": 0,
                 "show": false,
                 "thresholdLabels": false,
                 "thresholdMarkers": true
               },
               "height": "1px",
               "id": 13,
               "interval": null,
               "links": [],
               "mappingType": 1,
               "mappingTypes": [
                 {
                   "name": "value to text",
                   "value": 1
                 },
                 {
                   "name": "range to text",
                   "value": 2
                 }
               ],
               "maxDataPoints": 100,
               "nullPointMode": "connected",
               "nullText": null,
               "postfix": "",
               "postfixFontSize": "50%",
               "prefix": "",
               "prefixFontSize": "50%",
               "rangeMaps": [
                 {
                   "from": "null",
                   "text": "N/A",
                   "to": "null"
                 }
               ],
               "span": 2,
               "sparkline": {
                 "fillColor": "rgba(31, 118, 189, 0.18)",
                 "full": false,
                 "lineColor": "rgb(31, 120, 193)",
                 "show": false
               },
               "tableColumn": "",
               "targets": [
                 {
                   "expr": "sum (container_fs_usage_bytes{device=~\"^/dev/[sv]da[0-9]$\",id=\"/\",kubernetes_io_hostname=~\"^$Node$\"})",
                   "interval": "10s",
                   "intervalFactor": 1,
                   "refId": "A",
                   "step": 30
                 }
               ],
               "thresholds": "",
               "title": "Used",
               "type": "singlestat",
               "valueFontSize": "50%",
               "valueMaps": [
                 {
                   "op": "=",
                   "text": "N/A",
                   "value": "null"
                 }
               ],
               "valueName": "current"
             },
             {
               "cacheTimeout": null,
               "colorBackground": false,
               "colorValue": false,
               "colors": [
                 "rgba(50, 172, 45, 0.97)",
                 "rgba(237, 129, 40, 0.89)",
                 "rgba(245, 54, 54, 0.9)"
               ],
               "datasource": "prometheus",
               "decimals": 2,
               "editable": true,
               "error": false,
               "format": "bytes",
               "gauge": {
                 "maxValue": 100,
                 "minValue": 0,
                 "show": false,
                 "thresholdLabels": false,
                 "thresholdMarkers": true
               },
               "height": "1px",
               "id": 14,
               "interval": null,
               "links": [],
               "mappingType": 1,
               "mappingTypes": [
                 {
                   "name": "value to text",
                   "value": 1
                 },
                 {
                   "name": "range to text",
                   "value": 2
                 }
               ],
               "maxDataPoints": 100,
               "nullPointMode": "connected",
               "nullText": null,
               "postfix": "",
               "postfixFontSize": "50%",
               "prefix": "",
               "prefixFontSize": "50%",
               "rangeMaps": [
                 {
                   "from": "null",
                   "text": "N/A",
                   "to": "null"
                 }
               ],
               "span": 2,
               "sparkline": {
                 "fillColor": "rgba(31, 118, 189, 0.18)",
                 "full": false,
                 "lineColor": "rgb(31, 120, 193)",
                 "show": false
               },
               "tableColumn": "",
               "targets": [
                 {
                   "expr": "sum (container_fs_limit_bytes{device=~\"^/dev/[sv]da[0-9]$\",id=\"/\",kubernetes_io_hostname=~\"^$Node$\"})",
                   "interval": "10s",
                   "intervalFactor": 1,
                   "refId": "A",
                   "step": 30
                 }
               ],
               "thresholds": "",
               "title": "Total",
               "type": "singlestat",
               "valueFontSize": "50%",
               "valueMaps": [
                 {
                   "op": "=",
                   "text": "N/A",
                   "value": "null"
                 }
               ],
               "valueName": "current"
             }
           ],
           "repeat": null,
           "repeatIteration": null,
           "repeatRowId": null,
           "showTitle": false,
           "title": "Total usage",
           "titleSize": "h6"
         },
         {
           "collapse": true,
           "height": "250px",
           "panels": [
             {
               "aliasColors": {},
               "bars": false,
               "dashLength": 10,
               "dashes": false,
               "datasource": "prometheus",
               "decimals": 3,
               "editable": true,
               "error": false,
               "fill": 0,
               "grid": {},
               "height": "",
               "id": 17,
               "legend": {
                 "alignAsTable": true,
                 "avg": true,
                 "current": true,
                 "max": false,
                 "min": false,
                 "rightSide": true,
                 "show": true,
                 "sort": "current",
                 "sortDesc": true,
                 "total": false,
                 "values": true
               },
               "lines": true,
               "linewidth": 2,
               "links": [],
               "nullPointMode": "connected",
               "percentage": false,
               "pointradius": 5,
               "points": false,
               "renderer": "flot",
               "seriesOverrides": [],
               "spaceLength": 10,
               "span": 12,
               "stack": false,
               "steppedLine": true,
               "targets": [
                 {
                   "expr": "sum (rate (container_cpu_usage_seconds_total{image!=\"\",kubernetes_io_hostname=~\"^$Node$\"}[$__rate_interval])) by (pod)",
                   "format": "time_series",
                   "interval": "10s",
                   "intervalFactor": 1,
                   "legendFormat": "{{ pod }}",
                   "metric": "container_cpu",
                   "refId": "A",
                   "step": 10
                 }
               ],
               "thresholds": [],
               "timeFrom": null,
               "timeShift": null,
               "title": "Pods CPU usage",
               "tooltip": {
                 "msResolution": true,
                 "shared": true,
                 "sort": 2,
                 "value_type": "cumulative"
               },
               "transparent": false,
               "type": "graph",
               "xaxis": {
                 "buckets": null,
                 "mode": "time",
                 "name": null,
                 "show": true,
                 "values": []
               },
               "yaxes": [
                 {
                   "format": "none",
                   "label": "cores",
                   "logBase": 1,
                   "max": null,
                   "min": null,
                   "show": true
                 },
                 {
                   "format": "short",
                   "label": null,
                   "logBase": 1,
                   "max": null,
                   "min": null,
                   "show": false
                 }
               ]
             }
           ],
           "repeat": null,
           "repeatIteration": null,
           "repeatRowId": null,
           "showTitle": false,
           "title": "Pods CPU usage",
           "titleSize": "h6"
         },
         {
           "collapse": true,
           "height": "250px",
           "panels": [
             {
               "aliasColors": {},
               "bars": false,
               "dashLength": 10,
               "dashes": false,
               "datasource": "prometheus",
               "decimals": 3,
               "editable": true,
               "error": false,
               "fill": 0,
               "grid": {},
               "height": "",
               "id": 24,
               "legend": {
                 "alignAsTable": true,
                 "avg": true,
                 "current": true,
                 "hideEmpty": false,
                 "hideZero": false,
                 "max": false,
                 "min": false,
                 "rightSide": true,
                 "show": true,
                 "sideWidth": null,
                 "sort": "current",
                 "sortDesc": true,
                 "total": false,
                 "values": true
               },
               "lines": true,
               "linewidth": 2,
               "links": [],
               "nullPointMode": "connected",
               "percentage": false,
               "pointradius": 5,
               "points": false,
               "renderer": "flot",
               "seriesOverrides": [],
               "spaceLength": 10,
               "span": 12,
               "stack": false,
               "steppedLine": true,
               "targets": [
                 {
                   "expr": "sum (rate (container_cpu_usage_seconds_total{image!=\"\",name=~\"^k8s_.*\",container!=\"POD\",kubernetes_io_hostname=~\"^$Node$\"}[$__rate_interval])) by (container, pod)",
                   "format": "time_series",
                   "hide": false,
                   "interval": "10s",
                   "intervalFactor": 1,
                   "legendFormat": "pod: {{ pod }} | {{ container }}",
                   "metric": "container_cpu",
                   "refId": "A",
                   "step": 10
                 },
                 {
                   "expr": "sum (rate (container_cpu_usage_seconds_total{image!=\"\",name!~\"^k8s_.*\",kubernetes_io_hostname=~\"^$Node$\"}[$__rate_interval])) by (kubernetes_io_hostname, name, image)",
                   "format": "time_series",
                   "hide": false,
                   "interval": "10s",
                   "intervalFactor": 1,
                   "legendFormat": "docker: {{ kubernetes_io_hostname }} | {{ image }} ({{ name }})",
                   "metric": "container_cpu",
                   "refId": "B",
                   "step": 10
                 },
                 {
                   "expr": "sum (rate (container_cpu_usage_seconds_total{rkt_container_name!=\"\",kubernetes_io_hostname=~\"^$Node$\"}[$__rate_interval])) by (kubernetes_io_hostname, rkt_container_name)",
                   "format": "time_series",
                   "interval": "10s",
                   "intervalFactor": 1,
                   "legendFormat": "rkt: {{ kubernetes_io_hostname }} | {{ rkt_container_name }}",
                   "metric": "container_cpu",
                   "refId": "C",
                   "step": 10
                 }
               ],
               "thresholds": [],
               "timeFrom": null,
               "timeShift": null,
               "title": "Containers CPU usage",
               "tooltip": {
                 "msResolution": true,
                 "shared": true,
                 "sort": 2,
                 "value_type": "cumulative"
               },
               "type": "graph",
               "xaxis": {
                 "buckets": null,
                 "mode": "time",
                 "name": null,
                 "show": true,
                 "values": []
               },
               "yaxes": [
                 {
                   "format": "none",
                   "label": "cores",
                   "logBase": 1,
                   "max": null,
                   "min": null,
                   "show": true
                 },
                 {
                   "format": "short",
                   "label": null,
                   "logBase": 1,
                   "max": null,
                   "min": null,
                   "show": false
                 }
               ]
             }
           ],
           "repeat": null,
           "repeatIteration": null,
           "repeatRowId": null,
           "showTitle": false,
           "title": "Containers CPU usage",
           "titleSize": "h6"
         },
         {
           "collapse": true,
           "height": "500px",
           "panels": [
             {
               "aliasColors": {},
               "bars": false,
               "dashLength": 10,
               "dashes": false,
               "datasource": "prometheus",
               "decimals": 3,
               "editable": true,
               "error": false,
               "fill": 0,
               "grid": {},
               "id": 20,
               "legend": {
                 "alignAsTable": true,
                 "avg": true,
                 "current": true,
                 "max": false,
                 "min": false,
                 "rightSide": false,
                 "show": true,
                 "sort": "current",
                 "sortDesc": true,
                 "total": false,
                 "values": true
               },
               "lines": true,
               "linewidth": 2,
               "links": [],
               "nullPointMode": "connected",
               "percentage": false,
               "pointradius": 5,
               "points": false,
               "renderer": "flot",
               "seriesOverrides": [],
               "spaceLength": 10,
               "span": 12,
               "stack": false,
               "steppedLine": true,
               "targets": [
                 {
                   "expr": "sum (rate (container_cpu_usage_seconds_total{id!=\"/\",kubernetes_io_hostname=~\"^$Node$\"}[$__rate_interval])) by (id)",
                   "format": "time_series",
                   "hide": false,
                   "interval": "10s",
                   "intervalFactor": 1,
                   "legendFormat": "{{ id }}",
                   "metric": "container_cpu",
                   "refId": "A",
                   "step": 10
                 }
               ],
               "thresholds": [],
               "timeFrom": null,
               "timeShift": null,
               "title": "All processes CPU usage",
               "tooltip": {
                 "msResolution": true,
                 "shared": true,
                 "sort": 2,
                 "value_type": "cumulative"
               },
               "type": "graph",
               "xaxis": {
                 "buckets": null,
                 "mode": "time",
                 "name": null,
                 "show": true,
                 "values": []
               },
               "yaxes": [
                 {
                   "format": "none",
                   "label": "cores",
                   "logBase": 1,
                   "max": null,
                   "min": null,
                   "show": true
                 },
                 {
                   "format": "short",
                   "label": null,
                   "logBase": 1,
                   "max": null,
                   "min": null,
                   "show": false
                 }
               ]
             }
           ],
           "repeat": null,
           "repeatIteration": null,
           "repeatRowId": null,
           "showTitle": false,
           "title": "All processes CPU usage",
           "titleSize": "h6"
         },
         {
           "collapse": true,
           "height": "250px",
           "panels": [
             {
               "aliasColors": {},
               "bars": false,
               "dashLength": 10,
               "dashes": false,
               "datasource": "prometheus",
               "decimals": 2,
               "editable": true,
               "error": false,
               "fill": 0,
               "grid": {},
               "id": 25,
               "legend": {
                 "alignAsTable": true,
                 "avg": true,
                 "current": true,
                 "max": false,
                 "min": false,
                 "rightSide": true,
                 "show": true,
                 "sideWidth": 200,
                 "sort": "current",
                 "sortDesc": true,
                 "total": false,
                 "values": true
               },
               "lines": true,
               "linewidth": 2,
               "links": [],
               "nullPointMode": "connected",
               "percentage": false,
               "pointradius": 5,
               "points": false,
               "renderer": "flot",
               "seriesOverrides": [],
               "spaceLength": 10,
               "span": 12,
               "stack": false,
               "steppedLine": true,
               "targets": [
                 {
                   "expr": "sum (container_memory_working_set_bytes{image!=\"\",kubernetes_io_hostname=~\"^$Node$\"}) by (pod)",
                   "interval": "10s",
                   "intervalFactor": 1,
                   "legendFormat": "{{ pod }}",
                   "metric": "container_memory_usage:sort_desc",
                   "refId": "A",
                   "step": 10
                 }
               ],
               "thresholds": [],
               "timeFrom": null,
               "timeShift": null,
               "title": "Pods memory usage",
               "tooltip": {
                 "msResolution": false,
                 "shared": true,
                 "sort": 2,
                 "value_type": "cumulative"
               },
               "type": "graph",
               "xaxis": {
                 "buckets": null,
                 "mode": "time",
                 "name": null,
                 "show": true,
                 "values": []
               },
               "yaxes": [
                 {
                   "format": "bytes",
                   "label": null,
                   "logBase": 1,
                   "max": null,
                   "min": null,
                   "show": true
                 },
                 {
                   "format": "short",
                   "label": null,
                   "logBase": 1,
                   "max": null,
                   "min": null,
                   "show": false
                 }
               ]
             }
           ],
           "repeat": null,
           "repeatIteration": null,
           "repeatRowId": null,
           "showTitle": false,
           "title": "Pods memory usage",
           "titleSize": "h6"
         },
         {
           "collapse": true,
           "height": "250px",
           "panels": [
             {
               "aliasColors": {},
               "bars": false,
               "dashLength": 10,
               "dashes": false,
               "datasource": "prometheus",
               "decimals": 2,
               "editable": true,
               "error": false,
               "fill": 0,
               "grid": {},
               "id": 27,
               "legend": {
                 "alignAsTable": true,
                 "avg": true,
                 "current": true,
                 "max": false,
                 "min": false,
                 "rightSide": true,
                 "show": true,
                 "sideWidth": 200,
                 "sort": "current",
                 "sortDesc": true,
                 "total": false,
                 "values": true
               },
               "lines": true,
               "linewidth": 2,
               "links": [],
               "nullPointMode": "connected",
               "percentage": false,
               "pointradius": 5,
               "points": false,
               "renderer": "flot",
               "seriesOverrides": [],
               "spaceLength": 10,
               "span": 12,
               "stack": false,
               "steppedLine": true,
               "targets": [
                 {
                   "expr": "sum (container_memory_working_set_bytes{image!=\"\",name=~\"^k8s_.*\",container!=\"POD\",kubernetes_io_hostname=~\"^$Node$\"}) by (container, pod)",
                   "interval": "10s",
                   "intervalFactor": 1,
                   "legendFormat": "pod: {{ pod }} | {{ container }}",
                   "metric": "container_memory_usage:sort_desc",
                   "refId": "A",
                   "step": 10
                 },
                 {
                   "expr": "sum (container_memory_working_set_bytes{image!=\"\",name!~\"^k8s_.*\",kubernetes_io_hostname=~\"^$Node$\"}) by (kubernetes_io_hostname, name, image)",
                   "interval": "10s",
                   "intervalFactor": 1,
                   "legendFormat": "docker: {{ kubernetes_io_hostname }} | {{ image }} ({{ name }})",
                   "metric": "container_memory_usage:sort_desc",
                   "refId": "B",
                   "step": 10
                 },
                 {
                   "expr": "sum (container_memory_working_set_bytes{rkt_container_name!=\"\",kubernetes_io_hostname=~\"^$Node$\"}) by (kubernetes_io_hostname, rkt_container_name)",
                   "interval": "10s",
                   "intervalFactor": 1,
                   "legendFormat": "rkt: {{ kubernetes_io_hostname }} | {{ rkt_container_name }}",
                   "metric": "container_memory_usage:sort_desc",
                   "refId": "C",
                   "step": 10
                 }
               ],
               "thresholds": [],
               "timeFrom": null,
               "timeShift": null,
               "title": "Containers memory usage",
               "tooltip": {
                 "msResolution": false,
                 "shared": true,
                 "sort": 2,
                 "value_type": "cumulative"
               },
               "type": "graph",
               "xaxis": {
                 "buckets": null,
                 "mode": "time",
                 "name": null,
                 "show": true,
                 "values": []
               },
               "yaxes": [
                 {
                   "format": "bytes",
                   "label": null,
                   "logBase": 1,
                   "max": null,
                   "min": null,
                   "show": true
                 },
                 {
                   "format": "short",
                   "label": null,
                   "logBase": 1,
                   "max": null,
                   "min": null,
                   "show": false
                 }
               ]
             }
           ],
           "repeat": null,
           "repeatIteration": null,
           "repeatRowId": null,
           "showTitle": false,
           "title": "Containers memory usage",
           "titleSize": "h6"
         },
         {
           "collapse": true,
           "height": "500px",
           "panels": [
             {
               "aliasColors": {},
               "bars": false,
               "dashLength": 10,
               "dashes": false,
               "datasource": "prometheus",
               "decimals": 2,
               "editable": true,
               "error": false,
               "fill": 0,
               "grid": {},
               "id": 28,
               "legend": {
                 "alignAsTable": true,
                 "avg": true,
                 "current": true,
                 "max": false,
                 "min": false,
                 "rightSide": false,
                 "show": true,
                 "sideWidth": 200,
                 "sort": "current",
                 "sortDesc": true,
                 "total": false,
                 "values": true
               },
               "lines": true,
               "linewidth": 2,
               "links": [],
               "nullPointMode": "connected",
               "percentage": false,
               "pointradius": 5,
               "points": false,
               "renderer": "flot",
               "seriesOverrides": [],
               "spaceLength": 10,
               "span": 12,
               "stack": false,
               "steppedLine": true,
               "targets": [
                 {
                   "expr": "sum (container_memory_working_set_bytes{id!=\"/\",kubernetes_io_hostname=~\"^$Node$\"}) by (id)",
                   "interval": "10s",
                   "intervalFactor": 1,
                   "legendFormat": "{{ id }}",
                   "metric": "container_memory_usage:sort_desc",
                   "refId": "A",
                   "step": 10
                 }
               ],
               "thresholds": [],
               "timeFrom": null,
               "timeShift": null,
               "title": "All processes memory usage",
               "tooltip": {
                 "msResolution": false,
                 "shared": true,
                 "sort": 2,
                 "value_type": "cumulative"
               },
               "type": "graph",
               "xaxis": {
                 "buckets": null,
                 "mode": "time",
                 "name": null,
                 "show": true,
                 "values": []
               },
               "yaxes": [
                 {
                   "format": "bytes",
                   "label": null,
                   "logBase": 1,
                   "max": null,
                   "min": null,
                   "show": true
                 },
                 {
                   "format": "short",
                   "label": null,
                   "logBase": 1,
                   "max": null,
                   "min": null,
                   "show": false
                 }
               ]
             }
           ],
           "repeat": null,
           "repeatIteration": null,
           "repeatRowId": null,
           "showTitle": false,
           "title": "All processes memory usage",
           "titleSize": "h6"
         },
         {
           "collapse": true,
           "height": "250px",
           "panels": [
             {
               "aliasColors": {},
               "bars": false,
               "dashLength": 10,
               "dashes": false,
               "datasource": "prometheus",
               "decimals": 2,
               "editable": true,
               "error": false,
               "fill": 1,
               "grid": {},
               "id": 16,
               "legend": {
                 "alignAsTable": true,
                 "avg": true,
                 "current": true,
                 "max": false,
                 "min": false,
                 "rightSide": true,
                 "show": true,
                 "sideWidth": 200,
                 "sort": "current",
                 "sortDesc": true,
                 "total": false,
                 "values": true
               },
               "lines": true,
               "linewidth": 2,
               "links": [],
               "nullPointMode": "connected",
               "percentage": false,
               "pointradius": 5,
               "points": false,
               "renderer": "flot",
               "seriesOverrides": [],
               "spaceLength": 10,
               "span": 12,
               "stack": false,
               "steppedLine": false,
               "targets": [
                 {
                   "expr": "sum (rate (container_network_receive_bytes_total{image!=\"\",kubernetes_io_hostname=~\"^$Node$\"}[$__rate_interval])) by (pod)",
                   "format": "time_series",
                   "interval": "10s",
                   "intervalFactor": 1,
                   "legendFormat": "-> {{ pod }}",
                   "metric": "network",
                   "refId": "A",
                   "step": 10
                 },
                 {
                   "expr": "- sum (rate (container_network_transmit_bytes_total{image!=\"\",kubernetes_io_hostname=~\"^$Node$\"}[$__rate_interval])) by (pod)",
                   "format": "time_series",
                   "interval": "10s",
                   "intervalFactor": 1,
                   "legendFormat": "<- {{ pod }}",
                   "metric": "network",
                   "refId": "B",
                   "step": 10
                 }
               ],
               "thresholds": [],
               "timeFrom": null,
               "timeShift": null,
               "title": "Pods network I/O",
               "tooltip": {
                 "msResolution": false,
                 "shared": true,
                 "sort": 2,
                 "value_type": "cumulative"
               },
               "type": "graph",
               "xaxis": {
                 "buckets": null,
                 "mode": "time",
                 "name": null,
                 "show": true,
                 "values": []
               },
               "yaxes": [
                 {
                   "format": "Bps",
                   "label": null,
                   "logBase": 1,
                   "max": null,
                   "min": null,
                   "show": true
                 },
                 {
                   "format": "short",
                   "label": null,
                   "logBase": 1,
                   "max": null,
                   "min": null,
                   "show": false
                 }
               ]
             }
           ],
           "repeat": null,
           "repeatIteration": null,
           "repeatRowId": null,
           "showTitle": false,
           "title": "Pods network I/O",
           "titleSize": "h6"
         },
         {
           "collapse": true,
           "height": "250px",
           "panels": [
             {
               "aliasColors": {},
               "bars": false,
               "dashLength": 10,
               "dashes": false,
               "datasource": "prometheus",
               "decimals": 2,
               "editable": true,
               "error": false,
               "fill": 1,
               "grid": {},
               "id": 30,
               "legend": {
                 "alignAsTable": true,
                 "avg": true,
                 "current": true,
                 "max": false,
                 "min": false,
                 "rightSide": true,
                 "show": true,
                 "sideWidth": 200,
                 "sort": "current",
                 "sortDesc": true,
                 "total": false,
                 "values": true
               },
               "lines": true,
               "linewidth": 2,
               "links": [],
               "nullPointMode": "connected",
               "percentage": false,
               "pointradius": 5,
               "points": false,
               "renderer": "flot",
               "seriesOverrides": [],
               "spaceLength": 10,
               "span": 12,
               "stack": false,
               "steppedLine": false,
               "targets": [
                 {
                   "expr": "sum (rate (container_network_receive_bytes_total{image!=\"\",name=~\"^k8s_.*\",kubernetes_io_hostname=~\"^$Node$\"}[$__rate_interval])) by (container, pod)",
                   "format": "time_series",
                   "hide": false,
                   "interval": "10s",
                   "intervalFactor": 1,
                   "legendFormat": "-> pod: {{ pod }} | {{ container }}",
                   "metric": "network",
                   "refId": "B",
                   "step": 10
                 },
                 {
                   "expr": "- sum (rate (container_network_transmit_bytes_total{image!=\"\",name=~\"^k8s_.*\",kubernetes_io_hostname=~\"^$Node$\"}[$__rate_interval])) by (container, pod)",
                   "format": "time_series",
                   "hide": false,
                   "interval": "10s",
                   "intervalFactor": 1,
                   "legendFormat": "<- pod: {{ pod }} | {{ container }}",
                   "metric": "network",
                   "refId": "D",
                   "step": 10
                 },
                 {
                   "expr": "sum (rate (container_network_receive_bytes_total{image!=\"\",name!~\"^k8s_.*\",kubernetes_io_hostname=~\"^$Node$\"}[$__rate_interval])) by (kubernetes_io_hostname, name, image)",
                   "format": "time_series",
                   "hide": false,
                   "interval": "10s",
                   "intervalFactor": 1,
                   "legendFormat": "-> docker: {{ kubernetes_io_hostname }} | {{ image }} ({{ name }})",
                   "metric": "network",
                   "refId": "A",
                   "step": 10
                 },
                 {
                   "expr": "- sum (rate (container_network_transmit_bytes_total{image!=\"\",name!~\"^k8s_.*\",kubernetes_io_hostname=~\"^$Node$\"}[$__rate_interval])) by (kubernetes_io_hostname, name, image)",
                   "format": "time_series",
                   "hide": false,
                   "interval": "10s",
                   "intervalFactor": 1,
                   "legendFormat": "<- docker: {{ kubernetes_io_hostname }} | {{ image }} ({{ name }})",
                   "metric": "network",
                   "refId": "C",
                   "step": 10
                 },
                 {
                   "expr": "sum (rate (container_network_transmit_bytes_total{rkt_container_name!=\"\",kubernetes_io_hostname=~\"^$Node$\"}[$__rate_interval])) by (kubernetes_io_hostname, rkt_container_name)",
                   "format": "time_series",
                   "hide": false,
                   "interval": "10s",
                   "intervalFactor": 1,
                   "legendFormat": "-> rkt: {{ kubernetes_io_hostname }} | {{ rkt_container_name }}",
                   "metric": "network",
                   "refId": "E",
                   "step": 10
                 },
                 {
                   "expr": "- sum (rate (container_network_transmit_bytes_total{rkt_container_name!=\"\",kubernetes_io_hostname=~\"^$Node$\"}[$__rate_interval])) by (kubernetes_io_hostname, rkt_container_name)",
                   "format": "time_series",
                   "hide": false,
                   "interval": "10s",
                   "intervalFactor": 1,
                   "legendFormat": "<- rkt: {{ kubernetes_io_hostname }} | {{ rkt_container_name }}",
                   "metric": "network",
                   "refId": "F",
                   "step": 10
                 }
               ],
               "thresholds": [],
               "timeFrom": null,
               "timeShift": null,
               "title": "Containers network I/O",
               "tooltip": {
                 "msResolution": false,
                 "shared": true,
                 "sort": 2,
                 "value_type": "cumulative"
               },
               "type": "graph",
               "xaxis": {
                 "buckets": null,
                 "mode": "time",
                 "name": null,
                 "show": true,
                 "values": []
               },
               "yaxes": [
                 {
                   "format": "Bps",
                   "label": null,
                   "logBase": 1,
                   "max": null,
                   "min": null,
                   "show": true
                 },
                 {
                   "format": "short",
                   "label": null,
                   "logBase": 1,
                   "max": null,
                   "min": null,
                   "show": false
                 }
               ]
             }
           ],
           "repeat": null,
           "repeatIteration": null,
           "repeatRowId": null,
           "showTitle": false,
           "title": "Containers network I/O",
           "titleSize": "h6"
         },
         {
           "collapse": true,
           "height": "500px",
           "panels": [
             {
               "aliasColors": {},
               "bars": false,
               "dashLength": 10,
               "dashes": false,
               "datasource": "prometheus",
               "decimals": 2,
               "editable": true,
               "error": false,
               "fill": 1,
               "grid": {},
               "id": 29,
               "legend": {
                 "alignAsTable": true,
                 "avg": true,
                 "current": true,
                 "max": false,
                 "min": false,
                 "rightSide": false,
                 "show": true,
                 "sideWidth": 200,
                 "sort": "current",
                 "sortDesc": true,
                 "total": false,
                 "values": true
               },
               "lines": true,
               "linewidth": 2,
               "links": [],
               "nullPointMode": "connected",
               "percentage": false,
               "pointradius": 5,
               "points": false,
               "renderer": "flot",
               "seriesOverrides": [],
               "spaceLength": 10,
               "span": 12,
               "stack": false,
               "steppedLine": false,
               "targets": [
                 {
                   "expr": "sum (rate (container_network_receive_bytes_total{id!=\"/\",kubernetes_io_hostname=~\"^$Node$\"}[$__rate_interval])) by (id)",
                   "format": "time_series",
                   "interval": "10s",
                   "intervalFactor": 1,
                   "legendFormat": "-> {{ id }}",
                   "metric": "network",
                   "refId": "A",
                   "step": 10
                 },
                 {
                   "expr": "- sum (rate (container_network_transmit_bytes_total{id!=\"/\",kubernetes_io_hostname=~\"^$Node$\"}[$__rate_interval])) by (id)",
                   "format": "time_series",
                   "interval": "10s",
                   "intervalFactor": 1,
                   "legendFormat": "<- {{ id }}",
                   "metric": "network",
                   "refId": "B",
                   "step": 10
                 }
               ],
               "thresholds": [],
               "timeFrom": null,
               "timeShift": null,
               "title": "All processes network I/O",
               "tooltip": {
                 "msResolution": false,
                 "shared": true,
                 "sort": 2,
                 "value_type": "cumulative"
               },
               "type": "graph",
               "xaxis": {
                 "buckets": null,
                 "mode": "time",
                 "name": null,
                 "show": true,
                 "values": []
               },
               "yaxes": [
                 {
                   "format": "Bps",
                   "label": null,
                   "logBase": 1,
                   "max": null,
                   "min": null,
                   "show": true
                 },
                 {
                   "format": "short",
                   "label": null,
                   "logBase": 1,
                   "max": null,
                   "min": null,
                   "show": false
                 }
               ]
             }
           ],
           "repeat": null,
           "repeatIteration": null,
           "repeatRowId": null,
           "showTitle": false,
           "title": "All processes network I/O",
           "titleSize": "h6"
         }
       ],
       "schemaVersion": 14,
       "style": "dark",
       "tags": [
         "kubernetes",
         "bcmt"
       ],
       "templating": {
         "list": [
           {
             "allValue": ".*",
             "current": {},
             "datasource": "prometheus",
             "hide": 0,
             "includeAll": true,
             "label": null,
             "multi": false,
             "name": "Node",
             "options": [],
             "query": "label_values(kubernetes_io_hostname)",
             "refresh": 1,
             "regex": "",
             "sort": 0,
             "tagValuesQuery": "",
             "tags": [],
             "tagsQuery": "",
             "type": "query",
             "useTags": false
           }
         ]
       },
       "time": {
         "from": "now-1h",
         "to": "now"
       },
       "timepicker": {
         "refresh_intervals": [
           "1m",
           "5m",
           "15m",
           "30m",
           "1h",
           "2h",
           "1d"
         ],
         "time_options": [
           "5m",
           "15m",
           "1h",
           "6h",
           "12h",
           "24h",
           "2d",
           "7d",
           "30d"
         ]
       },
       "timezone": "",
       "title": "Kubernetes cluster monitoring (via Prometheus)",
       "version": 6
     }

