{
  "__inputs": [
    {
      "name": "prometheus",
      "label": "prometheus",
      "description": "",
      "type": "datasource",
      "pluginId": "prometheus",
      "pluginName": "Prometheus"
    }
  ],
  "__requires": [
    {
      "type": "grafana",
      "id": "grafana",
      "name": "Grafana",
      "version": "5.2.4"
    },
    {
      "type": "panel",
      "id": "graph",
      "name": "Graph",
      "version": "5.0.0"
    },
    {
      "type": "datasource",
      "id": "prometheus",
      "name": "Prometheus",
      "version": "5.0.0"
    },
    {
      "type": "panel",
      "id": "singlestat",
      "name": "Singlestat",
      "version": "5.0.0"
    }
  ],
  "annotations": {
    "list": [
      {
        "builtIn": 1,
        "datasource": "-- Grafana --",
        "enable": true,
        "hide": true,
        "iconColor": "rgba(0, 211, 255, 1)",
        "name": "Annotations & Alerts",
        "type": "dashboard"
      }
    ]
  },
  "description": "Dashboard to get an overview of all nodes in a Kubernetes Cluster",
  "editable": true,
  "gnetId": 3131,
  "graphTooltip": 0,
  "id": null,
  "links": [],
  "panels": [
    {
      "alerting": {},
      "aliasColors": {},
      "bars": false,
      "dashLength": 10,
      "dashes": false,
      "datasource": "prometheus",
      "editable": true,
      "error": false,
      "fill": 1,
      "grid": {},
      "gridPos": {
        "h": 7,
        "w": 12,
        "x": 0,
        "y": 0
      },
      "id": 3,
      "legend": {
        "avg": false,
        "current": false,
        "max": false,
        "min": false,
        "show": true,
        "total": false,
        "values": false
      },
      "lines": true,
      "linewidth": 2,
      "links": [],
      "nullPointMode": "connected",
      "percentage": false,
      "pointradius": 5,
      "points": false,
      "renderer": "flot",
      "seriesOverrides": [],
      "spaceLength": 10,
      "stack": false,
      "steppedLine": false,
      "targets": [
        {
          "expr": "sum (rate(node_cpu_seconds_total{mode=\"idle\"}[$__rate_interval])) / sum(count(count(node_cpu_seconds_total) without (mode)) without (cpu)) *100",
          "format": "time_series",
          "hide": false,
          "intervalFactor": 10,
          "legendFormat": "",
          "refId": "A",
          "step": 50
        }
      ],
      "thresholds": [],
      "timeFrom": null,
      "timeShift": null,
      "title": "Idle cpu",
      "tooltip": {
        "msResolution": false,
        "shared": true,
        "sort": 0,
        "value_type": "cumulative"
      },
      "type": "graph",
      "xaxis": {
        "buckets": null,
        "mode": "time",
        "name": null,
        "show": true,
        "values": []
      },
      "yaxes": [
        {
          "format": "percent",
          "label": "cpu usage",
          "logBase": 1,
          "max": null,
          "min": 0,
          "show": true
        },
        {
          "format": "short",
          "label": null,
          "logBase": 1,
          "max": null,
          "min": null,
          "show": true
        }
      ],
      "yaxis": {
        "align": false,
        "alignLevel": null
      }
    },
    {
      "alerting": {},
      "aliasColors": {},
      "bars": false,
      "dashLength": 10,
      "dashes": false,
      "datasource": "prometheus",
      "editable": true,
      "error": false,
      "fill": 1,
      "grid": {},
      "gridPos": {
        "h": 7,
        "w": 12,
        "x": 12,
        "y": 0
      },
      "id": 9,
      "legend": {
        "avg": false,
        "current": false,
        "max": false,
        "min": false,
        "show": true,
        "total": false,
        "values": false
      },
      "lines": true,
      "linewidth": 2,
      "links": [],
      "nullPointMode": "connected",
      "percentage": false,
      "pointradius": 5,
      "points": false,
      "renderer": "flot",
      "seriesOverrides": [],
      "spaceLength": 10,
      "stack": false,
      "steppedLine": false,
      "targets": [
        {
          "expr": "sum(node_load1)",
          "format": "time_series",
          "intervalFactor": 4,
          "legendFormat": "load 1m",
          "refId": "A",
          "step": 20,
          "target": ""
        },
        {
          "expr": "sum(node_load5)",
          "format": "time_series",
          "intervalFactor": 4,
          "legendFormat": "load 5m",
          "refId": "B",
          "step": 20,
          "target": ""
        },
        {
          "expr": "sum(node_load15)",
          "format": "time_series",
          "intervalFactor": 4,
          "legendFormat": "load 15m",
          "refId": "C",
          "step": 20,
          "target": ""
        }
      ],
      "thresholds": [],
      "timeFrom": null,
      "timeShift": null,
      "title": "System load",
      "tooltip": {
        "msResolution": false,
        "shared": true,
        "sort": 0,
        "value_type": "cumulative"
      },
      "type": "graph",
      "xaxis": {
        "buckets": null,
        "mode": "time",
        "name": null,
        "show": true,
        "values": []
      },
      "yaxes": [
        {
          "format": "percent",
          "label": null,
          "logBase": 1,
          "max": null,
          "min": null,
          "show": true
        },
        {
          "format": "short",
          "label": null,
          "logBase": 1,
          "max": null,
          "min": null,
          "show": true
        }
      ],
      "yaxis": {
        "align": false,
        "alignLevel": null
      }
    },
    {
      "alerting": {},
      "aliasColors": {},
      "bars": false,
      "dashLength": 10,
      "dashes": false,
      "datasource": "prometheus",
      "editable": true,
      "error": false,
      "fill": 1,
      "grid": {},
      "gridPos": {
        "h": 7,
        "w": 18,
        "x": 0,
        "y": 7
      },
      "id": 4,
      "legend": {
        "avg": false,
        "current": false,
        "max": false,
        "min": false,
        "show": true,
        "total": false,
        "values": false
      },
      "lines": true,
      "linewidth": 2,
      "links": [],
      "nullPointMode": "connected",
      "percentage": false,
      "pointradius": 5,
      "points": false,
      "renderer": "flot",
      "seriesOverrides": [
        {
          "alias": "node_memory_SwapFree{instance=\"172.17.0.1:9100\",job=\"prometheus\"}",
          "yaxis": 2
        }
      ],
      "spaceLength": 10,
      "stack": true,
      "steppedLine": false,
      "targets": [
        {
          "expr": "sum(node_memory_MemTotal) - sum(node_memory_MemFree) - sum(node_memory_Buffers) - sum(node_memory_Cached)",
          "format": "time_series",
          "intervalFactor": 2,
          "legendFormat": "memory usage",
          "metric": "memo",
          "refId": "A",
          "step": 4,
          "target": ""
        },
        {
          "expr": "sum(node_memory_Buffers)",
          "format": "time_series",
          "interval": "",
          "intervalFactor": 2,
          "legendFormat": "memory buffers",
          "metric": "memo",
          "refId": "B",
          "step": 4,
          "target": ""
        },
        {
          "expr": "sum(node_memory_Cached)",
          "format": "time_series",
          "interval": "",
          "intervalFactor": 2,
          "legendFormat": "memory cached",
          "metric": "memo",
          "refId": "C",
          "step": 4,
          "target": ""
        },
        {
          "expr": "sum(node_memory_MemFree)",
          "format": "time_series",
          "interval": "",
          "intervalFactor": 2,
          "legendFormat": "memory free",
          "metric": "memo",
          "refId": "D",
          "step": 4,
          "target": ""
        },
        {
          "expr": "sum(node_memory_MemTotal_bytes) - sum(node_memory_MemFree_bytes) - sum(node_memory_Buffers_bytes) - sum(node_memory_Cached_bytes)",
          "format": "time_series",
          "intervalFactor": 1,
          "refId": "E"
        },
        {
          "expr": "sum(node_memory_Buffers_bytes)",
          "format": "time_series",
          "intervalFactor": 1,
          "refId": "F"
        },
        {
          "expr": "sum(node_memory_Cached_bytes)",
          "format": "time_series",
          "intervalFactor": 1,
          "refId": "G"
        },
        {
          "expr": "sum(node_memory_MemFree_bytes)",
          "format": "time_series",
          "intervalFactor": 1,
          "refId": "H"
        }
      ],
      "thresholds": [],
      "timeFrom": null,
      "timeShift": null,
      "title": "Memory usage",
      "tooltip": {
        "msResolution": false,
        "shared": true,
        "sort": 0,
        "value_type": "individual"
      },
      "type": "graph",
      "xaxis": {
        "buckets": null,
        "mode": "time",
        "name": null,
        "show": true,
        "values": []
      },
      "yaxes": [
        {
          "format": "bytes",
          "label": null,
          "logBase": 1,
          "max": null,
          "min": "0",
          "show": true
        },
        {
          "format": "short",
          "label": null,
          "logBase": 1,
          "max": null,
          "min": null,
          "show": true
        }
      ],
      "yaxis": {
        "align": false,
        "alignLevel": null
      }
    },
    {
      "cacheTimeout": null,
      "colorBackground": false,
      "colorValue": false,
      "colors": [
        "rgba(50, 172, 45, 0.97)",
        "rgba(237, 129, 40, 0.89)",
        "rgba(245, 54, 54, 0.9)"
      ],
      "datasource": "prometheus",
      "editable": true,
      "error": false,
      "format": "percent",
      "gauge": {
        "maxValue": 100,
        "minValue": 0,
        "show": true,
        "thresholdLabels": false,
        "thresholdMarkers": true
      },
      "gridPos": {
        "h": 7,
        "w": 6,
        "x": 18,
        "y": 7
      },
      "id": 5,
      "interval": null,
      "links": [],
      "mappingType": 1,
      "mappingTypes": [
        {
          "name": "value to text",
          "value": 1
        },
        {
          "name": "range to text",
          "value": 2
        }
      ],
      "maxDataPoints": 100,
      "nullPointMode": "connected",
      "nullText": null,
      "postfix": "",
      "postfixFontSize": "50%",
      "prefix": "",
      "prefixFontSize": "50%",
      "rangeMaps": [
        {
          "from": "null",
          "text": "N/A",
          "to": "null"
        }
      ],
      "sparkline": {
        "fillColor": "rgba(31, 118, 189, 0.18)",
        "full": false,
        "lineColor": "rgb(31, 120, 193)",
        "show": false
      },
      "tableColumn": "",
      "targets": [
        {
          "expr": "((sum(node_memory_MemTotal) - sum(node_memory_MemFree) - sum(node_memory_Buffers) - sum(node_memory_Cached)) / sum(node_memory_MemTotal)) * 100",
          "format": "time_series",
          "intervalFactor": 2,
          "metric": "",
          "refId": "A",
          "step": 60,
          "target": ""
        },
        {
          "expr": "((sum(node_memory_MemTotal_bytes) - sum(node_memory_MemFree_bytes) - sum(node_memory_Buffers_bytes) - sum(node_memory_Cached_bytes)) / sum(node_memory_MemTotal_bytes)) * 100",
          "format": "time_series",
          "hide": false,
          "intervalFactor": 1,
          "refId": "B"
        }
      ],
      "thresholds": "80, 90",
      "title": "Memory usage",
      "type": "singlestat",
      "valueFontSize": "80%",
      "valueMaps": [
        {
          "op": "=",
          "text": "N/A",
          "value": "null"
        }
      ],
      "valueName": "avg"
    },
    {
      "alerting": {},
      "aliasColors": {},
      "bars": false,
      "dashLength": 10,
      "dashes": false,
      "datasource": "prometheus",
      "editable": true,
      "error": false,
      "fill": 1,
      "grid": {},
      "gridPos": {
        "h": 7,
        "w": 18,
        "x": 0,
        "y": 14
      },
      "id": 6,
      "legend": {
        "avg": false,
        "current": false,
        "max": false,
        "min": false,
        "show": true,
        "total": false,
        "values": false
      },
      "lines": true,
      "linewidth": 2,
      "links": [],
      "nullPointMode": "connected",
      "percentage": false,
      "pointradius": 5,
      "points": false,
      "renderer": "flot",
      "seriesOverrides": [
        {
          "alias": "read",
          "yaxis": 1
        },
        {
          "alias": "{instance=\"172.17.0.1:9100\"}",
          "yaxis": 2
        },
        {
          "alias": "io time",
          "yaxis": 2
        }
      ],
      "spaceLength": 10,
      "stack": false,
      "steppedLine": false,
      "targets": [
        {
          "expr": "sum(rate(node_disk_bytes_read[$__rate_interval]))",
          "format": "time_series",
          "hide": false,
          "intervalFactor": 4,
          "legendFormat": "read",
          "refId": "A",
          "step": 8,
          "target": ""
        },
        {
          "expr": "sum(rate(node_disk_bytes_written[$__rate_interval]))",
          "format": "time_series",
          "intervalFactor": 4,
          "legendFormat": "written",
          "refId": "B",
          "step": 8
        },
        {
          "expr": "sum(rate(node_disk_io_time_ms[$__rate_interval]))",
          "format": "time_series",
          "intervalFactor": 4,
          "legendFormat": "io time",
          "refId": "C",
          "step": 8
        },
        {
          "expr": "sum(rate(node_disk_read_bytes_total[$__rate_interval]))",
          "format": "time_series",
          "intervalFactor": 1,
          "refId": "D"
        },
        {
          "expr": "sum(rate(node_disk_written_bytes_total[$__rate_interval]))",
          "format": "time_series",
          "intervalFactor": 1,
          "refId": "E"
        },
        {
          "expr": "sum(rate(node_disk_io_time_seconds_total[$__rate_interval]))",
          "format": "time_series",
          "intervalFactor": 1,
          "refId": "F"
        }
      ],
      "thresholds": [],
      "timeFrom": null,
      "timeShift": null,
      "title": "Disk I/O",
      "tooltip": {
        "msResolution": false,
        "shared": true,
        "sort": 0,
        "value_type": "cumulative"
      },
      "type": "graph",
      "xaxis": {
        "buckets": null,
        "mode": "time",
        "name": null,
        "show": true,
        "values": []
      },
      "yaxes": [
        {
          "format": "bytes",
          "label": null,
          "logBase": 1,
          "max": null,
          "min": null,
          "show": true
        },
        {
          "format": "ms",
          "label": null,
          "logBase": 1,
          "max": null,
          "min": null,
          "show": true
        }
      ],
      "yaxis": {
        "align": false,
        "alignLevel": null
      }
    },
    {
      "cacheTimeout": null,
      "colorBackground": false,
      "colorValue": false,
      "colors": [
        "rgba(50, 172, 45, 0.97)",
        "rgba(237, 129, 40, 0.89)",
        "rgba(245, 54, 54, 0.9)"
      ],
      "datasource": "prometheus",
      "editable": true,
      "error": false,
      "format": "percentunit",
      "gauge": {
        "maxValue": 1,
        "minValue": 0,
        "show": true,
        "thresholdLabels": false,
        "thresholdMarkers": true
      },
      "gridPos": {
        "h": 7,
        "w": 6,
        "x": 18,
        "y": 14
      },
      "id": 7,
      "interval": null,
      "links": [],
      "mappingType": 1,
      "mappingTypes": [
        {
          "name": "value to text",
          "value": 1
        },
        {
          "name": "range to text",
          "value": 2
        }
      ],
      "maxDataPoints": 100,
      "nullPointMode": "connected",
      "nullText": null,
      "postfix": "",
      "postfixFontSize": "50%",
      "prefix": "",
      "prefixFontSize": "50%",
      "rangeMaps": [
        {
          "from": "null",
          "text": "N/A",
          "to": "null"
        }
      ],
      "sparkline": {
        "fillColor": "rgba(31, 118, 189, 0.18)",
        "full": false,
        "lineColor": "rgb(31, 120, 193)",
        "show": false
      },
      "tableColumn": "",
      "targets": [
        {
          "expr": "(sum(node_filesystem_size_bytes{mountpoint!=\"/\"}) - sum(node_filesystem_avail_bytes{mountpoint!=\"/\"})) / sum(node_filesystem_size_bytes{mountpoint!=\"/\"})",
          "format": "time_series",
          "hide": false,
          "intervalFactor": 2,
          "refId": "A",
          "step": 60,
          "target": ""
        }
      ],
      "thresholds": "0.75, 0.9",
      "title": "Disk space usage",
      "type": "singlestat",
      "valueFontSize": "80%",
      "valueMaps": [
        {
          "op": "=",
          "text": "N/A",
          "value": "null"
        }
      ],
      "valueName": "current"
    },
    {
      "alerting": {},
      "aliasColors": {},
      "bars": false,
      "dashLength": 10,
      "dashes": false,
      "datasource": "prometheus",
      "editable": true,
      "error": false,
      "fill": 1,
      "grid": {},
      "gridPos": {
        "h": 7,
        "w": 12,
        "x": 0,
        "y": 21
      },
      "id": 8,
      "legend": {
        "avg": false,
        "current": false,
        "max": false,
        "min": false,
        "show": true,
        "total": false,
        "values": false
      },
      "lines": true,
      "linewidth": 2,
      "links": [],
      "nullPointMode": "connected",
      "percentage": false,
      "pointradius": 5,
      "points": false,
      "renderer": "flot",
      "seriesOverrides": [
        {
          "alias": "transmitted ",
          "yaxis": 2
        }
      ],
      "spaceLength": 10,
      "stack": false,
      "steppedLine": false,
      "targets": [
        {
          "expr": "sum(rate(node_network_receive_bytes{device!~\"lo\"}[$__rate_interval]))",
          "format": "time_series",
          "hide": false,
          "intervalFactor": 2,
          "legendFormat": "",
          "refId": "A",
          "step": 10,
          "target": ""
        },
        {
          "expr": "sum(rate(node_network_receive_bytes_total{device!~\"lo\"}[$__rate_interval]))",
          "format": "time_series",
          "intervalFactor": 1,
          "refId": "B"
        }
      ],
      "thresholds": [],
      "timeFrom": null,
      "timeShift": null,
      "title": "Network received",
      "tooltip": {
        "msResolution": false,
        "shared": true,
        "sort": 0,
        "value_type": "cumulative"
      },
      "type": "graph",
      "xaxis": {
        "buckets": null,
        "mode": "time",
        "name": null,
        "show": true,
        "values": []
      },
      "yaxes": [
        {
          "format": "bytes",
          "label": null,
          "logBase": 1,
          "max": null,
          "min": null,
          "show": true
        },
        {
          "format": "bytes",
          "label": null,
          "logBase": 1,
          "max": null,
          "min": null,
          "show": true
        }
      ],
      "yaxis": {
        "align": false,
        "alignLevel": null
      }
    },
    {
      "alerting": {},
      "aliasColors": {},
      "bars": false,
      "dashLength": 10,
      "dashes": false,
      "datasource": "prometheus",
      "editable": true,
      "error": false,
      "fill": 1,
      "grid": {},
      "gridPos": {
        "h": 7,
        "w": 12,
        "x": 12,
        "y": 21
      },
      "id": 10,
      "legend": {
        "avg": false,
        "current": false,
        "max": false,
        "min": false,
        "show": true,
        "total": false,
        "values": false
      },
      "lines": true,
      "linewidth": 2,
      "links": [],
      "nullPointMode": "connected",
      "percentage": false,
      "pointradius": 5,
      "points": false,
      "renderer": "flot",
      "seriesOverrides": [
        {
          "alias": "transmitted ",
          "yaxis": 2
        }
      ],
      "spaceLength": 10,
      "stack": false,
      "steppedLine": false,
      "targets": [
        {
          "expr": "sum(rate(node_network_transmit_bytes_total{device!~\"lo\"}[$__rate_interval]))",
          "format": "time_series",
          "hide": false,
          "intervalFactor": 2,
          "legendFormat": "",
          "refId": "B",
          "step": 10,
          "target": ""
        }
      ],
      "thresholds": [],
      "timeFrom": null,
      "timeShift": null,
      "title": "Network transmitted",
      "tooltip": {
        "msResolution": false,
        "shared": true,
        "sort": 0,
        "value_type": "cumulative"
      },
      "type": "graph",
      "xaxis": {
        "buckets": null,
        "mode": "time",
        "name": null,
        "show": true,
        "values": []
      },
      "yaxes": [
        {
          "format": "bytes",
          "label": null,
          "logBase": 1,
          "max": null,
          "min": null,
          "show": true
        },
        {
          "format": "bytes",
          "label": null,
          "logBase": 1,
          "max": null,
          "min": null,
          "show": true
        }
      ],
      "yaxis": {
        "align": false,
        "alignLevel": null
      }
    }
  ],
  "refresh": false,
  "schemaVersion": 16,
  "style": "dark",
  "tags": [
    "prometheus",
    "bcmt"
  ],
  "templating": {
    "list": []
  },
  "time": {
    "from": "now-1h",
    "to": "now"
  },
  "timepicker": {
    "refresh_intervals": [
      "1m",
      "5m",
      "15m",
      "30m",
      "1h",
      "2h",
      "1d"
    ],
    "time_options": [
      "5m",
      "15m",
      "1h",
      "6h",
      "12h",
      "24h",
      "2d",
      "7d",
      "30d"
    ]
  },
  "timezone": "",
  "title": "Kubernetes All Nodes",
  "uid": "8PSf_U-ik",
  "version": 2
}
